Mfr Name,Name,Carline,MPG
FCA US LLC,4C,FCA US LLC - Two Seaters,28
aston martin,V12 Vantage S,aston martin - Two Seaters,14
aston martin,V8 Vantage,aston martin - Two Seaters,16
aston martin,V8 Vantage,aston martin - Two Seaters,15
aston martin,V8 Vantage S,aston martin - Two Seaters,16
aston martin,V8 Vantage S,aston martin - Two Seaters,15
aston martin,Vantage GT,aston martin - Two Seaters,16
aston martin,Vantage GT,aston martin - Two Seaters,15
Volkswagen Group of America,TT Roadster quattro,Volkswagen Group of America - Two Seaters,26
BMW,Z4 sDrive28i,BMW - Two Seaters,26
BMW,Z4 sDrive28i,BMW - Two Seaters,26
BMW,Z4 sDrive35i,BMW - Two Seaters,20
BMW,Z4 sDrive35is,BMW - Two Seaters,20
General Motors,CORVETTE,General Motors - Two Seaters,16
General Motors,CORVETTE,General Motors - Two Seaters,20
General Motors,CORVETTE,General Motors - Two Seaters,18
General Motors,CORVETTE,General Motors - Two Seaters,21
FCA US LLC,Viper SRT,FCA US LLC - Two Seaters,15
Ferrari,488 GTB,Ferrari - Two Seaters,18
Ferrari,488 GTB,Ferrari - Two Seaters,18
Ferrari,F12,Ferrari - Two Seaters,13
Ferrari,F12,Ferrari - Two Seaters,13
Ferrari,F12 tdf,Ferrari - Two Seaters,13
Ferrari,F12 tdf,Ferrari - Two Seaters,12
Ferrari,F60 America,Ferrari - Two Seaters,13
Ferrari,F60 America,Ferrari - Two Seaters,13
Honda,CR-Z,Honda - Two Seaters,37
Honda,CR-Z,Honda - Two Seaters,34
Jaguar Land Rover L,F-TYPE Convertible,Jaguar Land Rover L - Two Seaters,22
Jaguar Land Rover L,F-TYPE Convertible Manual,Jaguar Land Rover L - Two Seaters,19
Jaguar Land Rover L,F-TYPE Coupe,Jaguar Land Rover L - Two Seaters,22
Jaguar Land Rover L,F-TYPE Coupe Manual,Jaguar Land Rover L - Two Seaters,19
Jaguar Land Rover L,F-TYPE R AWD Convertible,Jaguar Land Rover L - Two Seaters,18
Jaguar Land Rover L,F-TYPE R AWD Coupe,Jaguar Land Rover L - Two Seaters,18
Jaguar Land Rover L,F-TYPE R Convertible,Jaguar Land Rover L - Two Seaters,18
Jaguar Land Rover L,F-TYPE S AWD Convertible,Jaguar Land Rover L - Two Seaters,21
Jaguar Land Rover L,F-TYPE S AWD Coupe,Jaguar Land Rover L - Two Seaters,21
Jaguar Land Rover L,F-TYPE S Convertible,Jaguar Land Rover L - Two Seaters,22
Jaguar Land Rover L,F-TYPE S Convertible Manual,Jaguar Land Rover L - Two Seaters,18
Jaguar Land Rover L,F-TYPE S Coupe,Jaguar Land Rover L - Two Seaters,22
Jaguar Land Rover L,F-TYPE S Coupe Manual,Jaguar Land Rover L - Two Seaters,18
Volkswagen Group of America,Aventador Coupe,Volkswagen Group of America - Two Seaters,13
Volkswagen Group of America,Aventador Roadster,Volkswagen Group of America - Two Seaters,12
Volkswagen Group of America,Huracan,Volkswagen Group of America - Two Seaters,17
Volkswagen Group of America,Huracan Spyder,Volkswagen Group of America - Two Seaters,16
MAZDA,MX-5,MAZDA - Two Seaters,30
MAZDA,MX-5,MAZDA - Two Seaters,30
McLaren Automotive,570S Coupe,McLaren Automotive - Two Seaters,19
McLaren Automotive,650S Coupe,McLaren Automotive - Two Seaters,18
McLaren Automotive,650S Spider,McLaren Automotive - Two Seaters,18
McLaren Automotive,675LT Coupe,McLaren Automotive - Two Seaters,18
Mercedes-Benz,AMG GT S,Mercedes-Benz - Two Seaters,18
Mercedes-Benz,AMG SL 63,Mercedes-Benz - Two Seaters,19
Mercedes-Benz,AMG SL 65,Mercedes-Benz - Two Seaters,17
Mercedes-Benz,AMG SLK 55,Mercedes-Benz - Two Seaters,22
Mercedes-Benz,SL 400,Mercedes-Benz - Two Seaters,23
Mercedes-Benz,SL 550,Mercedes-Benz - Two Seaters,19
Mercedes-Benz,SLK 300,Mercedes-Benz - Two Seaters,28
Mercedes-Benz,SLK 350,Mercedes-Benz - Two Seaters,24
Mercedes-Benz,Smart fortwo (COUPE),Mercedes-Benz - Two Seaters,36
Mercedes-Benz,Smart fortwo (COUPE),Mercedes-Benz - Two Seaters,35
Nissan,370Z,Nissan - Two Seaters,21
Nissan,370Z,Nissan - Two Seaters,21
Nissan,370Z Roadster,Nissan - Two Seaters,21
Nissan,370Z Roadster,Nissan - Two Seaters,20
Pagani Automobili S,Huayra Coupe,Pagani Automobili S - Two Seaters,13
Porsche,911 GT3,Porsche - Two Seaters,17
Porsche,911 GT3RS,Porsche - Two Seaters,16
Porsche,Boxster,Porsche - Two Seaters,26
Porsche,Boxster,Porsche - Two Seaters,24
Porsche,Boxster GTS,Porsche - Two Seaters,25
Porsche,Boxster GTS,Porsche - Two Seaters,22
Porsche,Boxster S,Porsche - Two Seaters,24
Porsche,Boxster S,Porsche - Two Seaters,23
Porsche,Boxster Spyder,Porsche - Two Seaters,20
Porsche,Cayman,Porsche - Two Seaters,26
Porsche,Cayman,Porsche - Two Seaters,24
Porsche,Cayman GT4,Porsche - Two Seaters,20
Porsche,Cayman GTS,Porsche - Two Seaters,25
Porsche,Cayman GTS,Porsche - Two Seaters,22
Porsche,Cayman S,Porsche - Two Seaters,24
Porsche,Cayman S,Porsche - Two Seaters,23
aston martin,DB9,aston martin - Minicompact Cars,15
aston martin,Vanquish,aston martin - Minicompact Cars,16
Ferrari,California T,Ferrari - Minicompact Cars,19
Ferrari,California T,Ferrari - Minicompact Cars,18
FCA US LLC,500,FCA US LLC - Minicompact Cars,27
FCA US LLC,500,FCA US LLC - Minicompact Cars,30
FCA US LLC,500,FCA US LLC - Minicompact Cars,30
FCA US LLC,500,FCA US LLC - Minicompact Cars,34
FCA US LLC,500 Abarth,FCA US LLC - Minicompact Cars,27
FCA US LLC,500 Abarth,FCA US LLC - Minicompact Cars,30
BMW,Mini Cooper Convertible,BMW - Minicompact Cars,31
BMW,Mini Cooper Convertible,BMW - Minicompact Cars,31
BMW,Mini Cooper S Convertible,BMW - Minicompact Cars,29
BMW,Mini Cooper S Convertible,BMW - Minicompact Cars,27
Porsche,911 Carrera,Porsche - Minicompact Cars,23
Porsche,911 Carrera,Porsche - Minicompact Cars,22
Porsche,911 Carrera 4,Porsche - Minicompact Cars,23
Porsche,911 Carrera 4,Porsche - Minicompact Cars,22
Porsche,911 Carrera 4 Cabriolet,Porsche - Minicompact Cars,22
Porsche,911 Carrera 4 Cabriolet,Porsche - Minicompact Cars,22
Porsche,911 Carrera 4 GTS,Porsche - Minicompact Cars,21
Porsche,911 Carrera 4 GTS,Porsche - Minicompact Cars,21
Porsche,911 Carrera 4 GTS Cabriolet,Porsche - Minicompact Cars,21
Porsche,911 Carrera 4 GTS Cabriolet,Porsche - Minicompact Cars,20
Porsche,911 Carrera 4S,Porsche - Minicompact Cars,22
Porsche,911 Carrera 4S,Porsche - Minicompact Cars,21
Porsche,911 Carrera 4S Cabriolet,Porsche - Minicompact Cars,21
Porsche,911 Carrera 4S Cabriolet,Porsche - Minicompact Cars,21
Porsche,911 Carrera Cabriolet,Porsche - Minicompact Cars,23
Porsche,911 Carrera Cabriolet,Porsche - Minicompact Cars,22
Porsche,911 Carrera GTS,Porsche - Minicompact Cars,21
Porsche,911 Carrera GTS,Porsche - Minicompact Cars,21
Porsche,911 Carrera GTS Cabriolet,Porsche - Minicompact Cars,21
Porsche,911 Carrera GTS Cabriolet,Porsche - Minicompact Cars,20
Porsche,911 Carrera S,Porsche - Minicompact Cars,23
Porsche,911 Carrera S,Porsche - Minicompact Cars,22
Porsche,911 Carrera S Cabriolet,Porsche - Minicompact Cars,22
Porsche,911 Carrera S Cabriolet,Porsche - Minicompact Cars,22
Porsche,911 Targa 4,Porsche - Minicompact Cars,22
Porsche,911 Targa 4,Porsche - Minicompact Cars,21
Porsche,911 Targa 4 GTS,Porsche - Minicompact Cars,21
Porsche,911 Targa 4 GTS,Porsche - Minicompact Cars,21
Porsche,911 Targa 4S,Porsche - Minicompact Cars,21
Porsche,911 Targa 4S,Porsche - Minicompact Cars,21
Porsche,911 Turbo,Porsche - Minicompact Cars,20
Porsche,911 Turbo Cabriolet,Porsche - Minicompact Cars,20
Porsche,911 Turbo S,Porsche - Minicompact Cars,20
Porsche,911 Turbo S Cabriolet,Porsche - Minicompact Cars,20
Toyota,FR-S,Toyota - Minicompact Cars,28
Toyota,FR-S,Toyota - Minicompact Cars,25
Subaru,BRZ,Subaru - Minicompact Cars,28
Subaru,BRZ,Subaru - Minicompact Cars,25
aston martin,Rapide S,aston martin - Subcompact Cars,17
Volkswagen Group of America,A3,Volkswagen Group of America - Subcompact Cars,27
Volkswagen Group of America,A3 Cabriolet,Volkswagen Group of America - Subcompact Cars,28
Volkswagen Group of America,A3 Cabriolet quattro,Volkswagen Group of America - Subcompact Cars,26
Volkswagen Group of America,A3 quattro,Volkswagen Group of America - Subcompact Cars,27
Volkswagen Group of America,A5 Cabriolet quattro,Volkswagen Group of America - Subcompact Cars,24
Volkswagen Group of America,A5 quattro,Volkswagen Group of America - Subcompact Cars,25
Volkswagen Group of America,A5 quattro,Volkswagen Group of America - Subcompact Cars,26
Volkswagen Group of America,S3,Volkswagen Group of America - Subcompact Cars,26
Volkswagen Group of America,S5,Volkswagen Group of America - Subcompact Cars,21
Volkswagen Group of America,S5,Volkswagen Group of America - Subcompact Cars,20
Volkswagen Group of America,S5 Cabriolet,Volkswagen Group of America - Subcompact Cars,21
Volkswagen Group of America,TT Coupe quattro,Volkswagen Group of America - Subcompact Cars,26
Volkswagen Group of America,TTS Coupe,Volkswagen Group of America - Subcompact Cars,25
Volkswagen Group of America,Continental GT Convertible,Volkswagen Group of America - Subcompact Cars,17
Volkswagen Group of America,Continental GT Convertible,Volkswagen Group of America - Subcompact Cars,15
BMW,228i,BMW - Subcompact Cars,27
BMW,228i,BMW - Subcompact Cars,26
BMW,228i Convertible,BMW - Subcompact Cars,27
BMW,228i xDrive,BMW - Subcompact Cars,27
BMW,228i xDrive Convertible,BMW - Subcompact Cars,26
BMW,428i Convertible,BMW - Subcompact Cars,27
BMW,428i xDrive Convertible,BMW - Subcompact Cars,25
BMW,435i Convertible,BMW - Subcompact Cars,24
BMW,435i xDrive Convertible,BMW - Subcompact Cars,23
BMW,640i Convertible,BMW - Subcompact Cars,24
BMW,640i Coupe,BMW - Subcompact Cars,24
BMW,640i xDrive Convertible,BMW - Subcompact Cars,23
BMW,640i xDrive Coupe,BMW - Subcompact Cars,23
BMW,650i Convertible,BMW - Subcompact Cars,20
BMW,650i Coupe,BMW - Subcompact Cars,20
BMW,650i xDrive Convertible,BMW - Subcompact Cars,18
BMW,650i xDrive Coupe,BMW - Subcompact Cars,19
BMW,M2,BMW - Subcompact Cars,23
BMW,M2,BMW - Subcompact Cars,21
BMW,M235i,BMW - Subcompact Cars,24
BMW,M235i,BMW - Subcompact Cars,22
BMW,M235i Convertible,BMW - Subcompact Cars,24
BMW,M235i Convertible,BMW - Subcompact Cars,22
BMW,M235i xDrive,BMW - Subcompact Cars,23
BMW,M235i xDrive Convertible,BMW - Subcompact Cars,23
BMW,M4 Convertible,BMW - Subcompact Cars,19
BMW,M4 Convertible,BMW - Subcompact Cars,20
BMW,M6 Convertible,BMW - Subcompact Cars,16
BMW,M6 Convertible,BMW - Subcompact Cars,17
BMW,M6 Coupe,BMW - Subcompact Cars,16
BMW,M6 Coupe,BMW - Subcompact Cars,17
General Motors,CASCADA,General Motors - Subcompact Cars,23
General Motors,SPARK,General Motors - Subcompact Cars,35
General Motors,SPARK,General Motors - Subcompact Cars,34
Ford Motor Company,Fiesta FWD,Ford Motor Company - Subcompact Cars,31
Ford Motor Company,Fiesta FWD,Ford Motor Company - Subcompact Cars,31
Ford Motor Company,Fiesta SFE FWD,Ford Motor Company - Subcompact Cars,36
Ford Motor Company,MUSTANG,Ford Motor Company - Subcompact Cars,25
Ford Motor Company,MUSTANG,Ford Motor Company - Subcompact Cars,25
Ford Motor Company,MUSTANG,Ford Motor Company - Subcompact Cars,22
Ford Motor Company,MUSTANG,Ford Motor Company - Subcompact Cars,21
Ford Motor Company,MUSTANG,Ford Motor Company - Subcompact Cars,19
Ford Motor Company,MUSTANG,Ford Motor Company - Subcompact Cars,19
Ford Motor Company,MUSTANG CONVERTIBLE,Ford Motor Company - Subcompact Cars,24
Ford Motor Company,MUSTANG CONVERTIBLE,Ford Motor Company - Subcompact Cars,18
Ford Motor Company,SHELBY GT350 MUSTANG,Ford Motor Company - Subcompact Cars,16
Hyundai,Genesis Coupe,Hyundai - Subcompact Cars,19
Hyundai,Genesis Coupe,Hyundai - Subcompact Cars,19
Toyota,RC 200t,Toyota - Subcompact Cars,26
Toyota,RC 300 AWD,Toyota - Subcompact Cars,21
Toyota,RC 350,Toyota - Subcompact Cars,22
Toyota,RC 350 AWD,Toyota - Subcompact Cars,21
Toyota,RC F,Toyota - Subcompact Cars,19
Maserati,GRANTURISMO,Maserati - Subcompact Cars,16
Maserati,GRANTURISMO CONVERTIBLE,Maserati - Subcompact Cars,15
Mercedes-Benz,E 400 (convertible),Mercedes-Benz - Subcompact Cars,24
Mercedes-Benz,E 400 (coupe),Mercedes-Benz - Subcompact Cars,24
Mercedes-Benz,E 400 4MATIC (coupe),Mercedes-Benz - Subcompact Cars,23
Mercedes-Benz,E 550 (convertible),Mercedes-Benz - Subcompact Cars,20
Mercedes-Benz,E 550 (coupe),Mercedes-Benz - Subcompact Cars,21
BMW,MINI COOPER HARDTOP 2 DOOR,BMW - Subcompact Cars,31
BMW,MINI COOPER HARDTOP 2 DOOR,BMW - Subcompact Cars,32
BMW,MINI COOPER HARDTOP 4 DOOR,BMW - Subcompact Cars,31
BMW,MINI COOPER HARDTOP 4 DOOR,BMW - Subcompact Cars,33
BMW,Mini Cooper S Hardtop 2 door,BMW - Subcompact Cars,29
BMW,Mini Cooper S Hardtop 2 door,BMW - Subcompact Cars,27
BMW,Mini Cooper S Hardtop 4 door,BMW - Subcompact Cars,29
BMW,Mini Cooper S Hardtop 4 door,BMW - Subcompact Cars,27
BMW,MINI John Cooper Works Hardtop,BMW - Subcompact Cars,28
BMW,MINI John Cooper Works Hardtop,BMW - Subcompact Cars,26
Nissan,GT-R,Nissan - Subcompact Cars,19
Roush,Roush Stage 3 Mustang,Roush - Subcompact Cars,17
Roush,Roush Stage 3 Mustang,Roush - Subcompact Cars,16
Toyota,iA,Toyota - Subcompact Cars,37
Toyota,iA,Toyota - Subcompact Cars,35
Volkswagen Group of America,Beetle Convertible,Volkswagen Group of America - Subcompact Cars,28
Volkswagen Group of America,Beetle Convertible,Volkswagen Group of America - Subcompact Cars,26
Volkswagen Group of America,Beetle Convertible,Volkswagen Group of America - Subcompact Cars,26
Volkswagen Group of America,Eos,Volkswagen Group of America - Subcompact Cars,25
Honda,ILX,Honda - Compact Cars,29
Honda,TLX 2WD,Honda - Compact Cars,28
Honda,TLX 2WD,Honda - Compact Cars,25
Honda,TLX 4WD,Honda - Compact Cars,25
Volkswagen Group of America,A4,Volkswagen Group of America - Compact Cars,27
Volkswagen Group of America,A4 quattro,Volkswagen Group of America - Compact Cars,25
Volkswagen Group of America,A4 quattro,Volkswagen Group of America - Compact Cars,26
Volkswagen Group of America,Q3,Volkswagen Group of America - Compact Cars,23
Volkswagen Group of America,Q3 quattro,Volkswagen Group of America - Compact Cars,23
Volkswagen Group of America,S4,Volkswagen Group of America - Compact Cars,21
Volkswagen Group of America,S4,Volkswagen Group of America - Compact Cars,20
Volkswagen Group of America,Continental GT,Volkswagen Group of America - Compact Cars,19
Volkswagen Group of America,Continental GT,Volkswagen Group of America - Compact Cars,15
BMW,320i,BMW - Compact Cars,28
BMW,320i,BMW - Compact Cars,28
BMW,320i xDrive,BMW - Compact Cars,27
BMW,328d,BMW - Compact Cars,36
BMW,328d xDrive,BMW - Compact Cars,34
BMW,328i,BMW - Compact Cars,27
BMW,328i,BMW - Compact Cars,26
BMW,328i xDrive,BMW - Compact Cars,26
BMW,340i,BMW - Compact Cars,26
BMW,340i,BMW - Compact Cars,23
BMW,340i xDrive,BMW - Compact Cars,26
BMW,340i xDrive,BMW - Compact Cars,23
BMW,428i Coupe,BMW - Compact Cars,27
BMW,428i Coupe,BMW - Compact Cars,26
BMW,428i Gran Coupe,BMW - Compact Cars,27
BMW,428i xDrive Coupe,BMW - Compact Cars,26
BMW,428i xDrive Gran Coupe,BMW - Compact Cars,26
BMW,435i Coupe,BMW - Compact Cars,24
BMW,435i Coupe,BMW - Compact Cars,23
BMW,435i Gran Coupe,BMW - Compact Cars,24
BMW,435i xDrive Coupe,BMW - Compact Cars,23
BMW,435i xDrive Coupe,BMW - Compact Cars,22
BMW,435i xDrive Gran Coupe,BMW - Compact Cars,23
BMW,640i Gran Coupe,BMW - Compact Cars,24
BMW,640i xDrive Gran Coupe,BMW - Compact Cars,23
BMW,650i Gran Coupe,BMW - Compact Cars,20
BMW,650i xDrive Gran Coupe,BMW - Compact Cars,18
BMW,Alpina B6 Gran Coupe xDrive,BMW - Compact Cars,18
BMW,M3,BMW - Compact Cars,19
BMW,M3,BMW - Compact Cars,20
BMW,M4 Coupe,BMW - Compact Cars,19
BMW,M4 Coupe,BMW - Compact Cars,20
BMW,M6 Gran Coupe,BMW - Compact Cars,16
BMW,M6 Gran Coupe,BMW - Compact Cars,17
General Motors,VERANO,General Motors - Compact Cars,24
General Motors,VERANO,General Motors - Compact Cars,24
General Motors,VERANO,General Motors - Compact Cars,25
General Motors,ATS,General Motors - Compact Cars,26
General Motors,ATS,General Motors - Compact Cars,23
General Motors,ATS,General Motors - Compact Cars,26
General Motors,ATS,General Motors - Compact Cars,24
General Motors,ATS AWD,General Motors - Compact Cars,25
General Motors,ATS AWD,General Motors - Compact Cars,22
General Motors,ATS-V,General Motors - Compact Cars,19
General Motors,ATS-V,General Motors - Compact Cars,19
General Motors,CAMARO,General Motors - Compact Cars,25
General Motors,CAMARO,General Motors - Compact Cars,24
General Motors,CAMARO,General Motors - Compact Cars,23
General Motors,CAMARO,General Motors - Compact Cars,21
General Motors,CAMARO,General Motors - Compact Cars,20
General Motors,CAMARO,General Motors - Compact Cars,19
General Motors,CRUZE,General Motors - Compact Cars,35
General Motors,CRUZE,General Motors - Compact Cars,33
General Motors,CRUZE PREMIER,General Motors - Compact Cars,34
General Motors,SONIC,General Motors - Compact Cars,31
General Motors,SONIC,General Motors - Compact Cars,33
General Motors,SONIC,General Motors - Compact Cars,28
General Motors,SONIC,General Motors - Compact Cars,30
General Motors,SONIC RS,General Motors - Compact Cars,28
General Motors,SONIC RS,General Motors - Compact Cars,30
Ford Motor Company,Fiesta ST FWD,Ford Motor Company - Compact Cars,29
Ford Motor Company,FOCUS FWD,Ford Motor Company - Compact Cars,32
Ford Motor Company,FOCUS FWD,Ford Motor Company - Compact Cars,35
Ford Motor Company,FOCUS FWD,Ford Motor Company - Compact Cars,31
Ford Motor Company,FOCUS FWD,Ford Motor Company - Compact Cars,30
Ford Motor Company,FOCUS FWD,Ford Motor Company - Compact Cars,30
Ford Motor Company,Focus FWD FFV,Ford Motor Company - Compact Cars,31
Ford Motor Company,Focus FWD FFV,Ford Motor Company - Compact Cars,30
Ford Motor Company,Focus FWD FFV,Ford Motor Company - Compact Cars,30
Honda,CIVIC 2Dr,Honda - Compact Cars,35
Honda,CIVIC 2Dr,Honda - Compact Cars,34
Honda,CIVIC 2Dr,Honda - Compact Cars,31
Hyundai,Accent,Hyundai - Compact Cars,30
Hyundai,Accent,Hyundai - Compact Cars,31
Hyundai,Veloster,Hyundai - Compact Cars,31
Hyundai,Veloster,Hyundai - Compact Cars,29
Hyundai,Veloster,Hyundai - Compact Cars,30
Hyundai,Veloster,Hyundai - Compact Cars,28
Nissan,Q50 HYBRID,Nissan - Compact Cars,30
Nissan,Q50 HYBRID AWD,Nissan - Compact Cars,28
Kia,Forte Koup,Kia - Compact Cars,25
Kia,Forte Koup,Kia - Compact Cars,25
Kia,Forte Koup,Kia - Compact Cars,28
Kia,Forte Koup,Kia - Compact Cars,27
Kia,Rio,Kia - Compact Cars,31
Kia,Rio,Kia - Compact Cars,31
Kia,Rio ECO,Kia - Compact Cars,31
Toyota,CT 200h,Toyota - Compact Cars,42
Toyota,GS F,Toyota - Compact Cars,19
Toyota,IS 200t,Toyota - Compact Cars,26
Toyota,IS 300 AWD,Toyota - Compact Cars,21
Toyota,IS 350,Toyota - Compact Cars,22
Toyota,IS 350 AWD,Toyota - Compact Cars,21
MAZDA,CX-3 2WD,MAZDA - Compact Cars,31
MAZDA,CX-3 4WD,MAZDA - Compact Cars,29
MAZDA,MAZDA 2,MAZDA - Compact Cars,37
MAZDA,MAZDA 2,MAZDA - Compact Cars,35
MAZDA,MAZDA3 4-Door,MAZDA - Compact Cars,34
MAZDA,MAZDA3 4-Door,MAZDA - Compact Cars,33
MAZDA,MAZDA3 4-Door,MAZDA - Compact Cars,33
MAZDA,MAZDA3 4-Door,MAZDA - Compact Cars,32
MAZDA,MAZDA3 4-Door,MAZDA - Compact Cars,29
Mercedes-Benz,AMG C 63,Mercedes-Benz - Compact Cars,20
Mercedes-Benz,AMG C 63 S,Mercedes-Benz - Compact Cars,20
Mercedes-Benz,AMG CLA 45 4MATIC,Mercedes-Benz - Compact Cars,26
Mercedes-Benz,AMG CLS 63 S 4MATIC,Mercedes-Benz - Compact Cars,18
Mercedes-Benz,AMG S 63 4MATIC (coupe),Mercedes-Benz - Compact Cars,18
Mercedes-Benz,AMG S 65 (coupe),Mercedes-Benz - Compact Cars,15
Mercedes-Benz,C 300,Mercedes-Benz - Compact Cars,28
Mercedes-Benz,C 300 4MATIC,Mercedes-Benz - Compact Cars,27
Mercedes-Benz,C 450 AMG,Mercedes-Benz - Compact Cars,24
Mercedes-Benz,CLA 250,Mercedes-Benz - Compact Cars,30
Mercedes-Benz,CLA 250 4MATIC,Mercedes-Benz - Compact Cars,27
Mercedes-Benz,CLA 250 4MATIC,Mercedes-Benz - Compact Cars,27
Mercedes-Benz,CLS 400,Mercedes-Benz - Compact Cars,24
Mercedes-Benz,CLS 400 4MATIC,Mercedes-Benz - Compact Cars,22
Mercedes-Benz,CLS 550,Mercedes-Benz - Compact Cars,21
Mercedes-Benz,CLS 550 4MATIC,Mercedes-Benz - Compact Cars,20
Mercedes-Benz,S 550 4MATIC (coupe),Mercedes-Benz - Compact Cars,19
BMW,Mini Cooper Countryman,BMW - Compact Cars,27
BMW,Mini Cooper Countryman,BMW - Compact Cars,29
BMW,Mini Cooper Paceman,BMW - Compact Cars,27
BMW,Mini Cooper Paceman,BMW - Compact Cars,29
BMW,Mini Cooper S Countryman,BMW - Compact Cars,28
BMW,Mini Cooper S Countryman,BMW - Compact Cars,29
BMW,Mini Cooper S Countryman All4,BMW - Compact Cars,26
BMW,Mini Cooper S Countryman All4,BMW - Compact Cars,27
BMW,Mini Cooper S Paceman,BMW - Compact Cars,28
BMW,Mini Cooper S Paceman,BMW - Compact Cars,29
BMW,Mini Cooper S Paceman ALL4,BMW - Compact Cars,26
BMW,Mini Cooper S Paceman ALL4,BMW - Compact Cars,27
BMW,Mini JCW Countryman ALL4,BMW - Compact Cars,26
BMW,Mini JCW Countryman ALL4,BMW - Compact Cars,27
BMW,Mini JCW Paceman ALL4,BMW - Compact Cars,26
BMW,Mini JCW Paceman ALL4,BMW - Compact Cars,27
Mitsubishi Motors Co,LANCER,Mitsubishi Motors Co - Compact Cars,30
Mitsubishi Motors Co,LANCER,Mitsubishi Motors Co - Compact Cars,28
Mitsubishi Motors Co,LANCER,Mitsubishi Motors Co - Compact Cars,27
Mitsubishi Motors Co,LANCER,Mitsubishi Motors Co - Compact Cars,25
Mitsubishi Motors Co,LANCER 4WD,Mitsubishi Motors Co - Compact Cars,26
Nissan,VERSA,Nissan - Compact Cars,30
Nissan,VERSA,Nissan - Compact Cars,35
Nissan,VERSA,Nissan - Compact Cars,30
Rolls-Royce,Dawn,Rolls-Royce - Compact Cars,14
Rolls-Royce,Phantom Coupe,Rolls-Royce - Compact Cars,14
Rolls-Royce,Phantom Drophead Coupe,Rolls-Royce - Compact Cars,14
Toyota,tC,Toyota - Compact Cars,26
Toyota,tC,Toyota - Compact Cars,26
Subaru,IMPREZA,Subaru - Compact Cars,31
Subaru,IMPREZA,Subaru - Compact Cars,28
Subaru,WRX,Subaru - Compact Cars,21
Subaru,WRX,Subaru - Compact Cars,23
Subaru,WRX,Subaru - Compact Cars,19
Toyota,PRIUS c,Toyota - Compact Cars,50
Toyota,YARIS,Toyota - Compact Cars,32
Toyota,YARIS,Toyota - Compact Cars,33
Volkswagen Group of America,Beetle,Volkswagen Group of America - Compact Cars,28
Volkswagen Group of America,Beetle,Volkswagen Group of America - Compact Cars,28
Volkswagen Group of America,Beetle,Volkswagen Group of America - Compact Cars,27
Volkswagen Group of America,Beetle,Volkswagen Group of America - Compact Cars,26
Volkswagen Group of America,CC,Volkswagen Group of America - Compact Cars,25
Volkswagen Group of America,CC,Volkswagen Group of America - Compact Cars,25
Volkswagen Group of America,CC 4Motion,Volkswagen Group of America - Compact Cars,20
Volkswagen Group of America,Golf,Volkswagen Group of America - Compact Cars,29
Volkswagen Group of America,Golf,Volkswagen Group of America - Compact Cars,30
Volkswagen Group of America,Golf R,Volkswagen Group of America - Compact Cars,25
Volkswagen Group of America,Golf R,Volkswagen Group of America - Compact Cars,25
Volkswagen Group of America,GTI,Volkswagen Group of America - Compact Cars,28
Volkswagen Group of America,GTI,Volkswagen Group of America - Compact Cars,28
Volkswagen Group of America,Jetta,Volkswagen Group of America - Compact Cars,32
Volkswagen Group of America,Jetta,Volkswagen Group of America - Compact Cars,33
Volkswagen Group of America,Jetta,Volkswagen Group of America - Compact Cars,29
Volkswagen Group of America,Jetta,Volkswagen Group of America - Compact Cars,29
Volkswagen Group of America,Jetta,Volkswagen Group of America - Compact Cars,27
Volkswagen Group of America,Jetta,Volkswagen Group of America - Compact Cars,27
Volkswagen Group of America,Jetta Hybrid,Volkswagen Group of America - Compact Cars,44
Volvo,S60 AWD,Volvo - Compact Cars,25
Volvo,S60 AWD,Volvo - Compact Cars,23
Volvo,S60 AWD,Volvo - Compact Cars,21
Volvo,S60 CC AWD,Volvo - Compact Cars,23
Volvo,S60 FWD,Volvo - Compact Cars,30
Volvo,S60 FWD,Volvo - Compact Cars,27
Volvo,S60 Inscription AWD,Volvo - Compact Cars,23
Volvo,S60 Inscription FWD,Volvo - Compact Cars,29
Volvo,S60 Polestar AWD,Volvo - Compact Cars,21
Honda,RLX,Honda - Midsize Cars,30
Honda,RLX,Honda - Midsize Cars,24
Volkswagen Group of America,A6,Volkswagen Group of America - Midsize Cars,28
Volkswagen Group of America,A6 quattro,Volkswagen Group of America - Midsize Cars,26
Volkswagen Group of America,A6 quattro,Volkswagen Group of America - Midsize Cars,24
Volkswagen Group of America,A6 quattro,Volkswagen Group of America - Midsize Cars,30
Volkswagen Group of America,A7 quattro,Volkswagen Group of America - Midsize Cars,24
Volkswagen Group of America,A7 quattro,Volkswagen Group of America - Midsize Cars,30
Volkswagen Group of America,RS7,Volkswagen Group of America - Midsize Cars,18
Volkswagen Group of America,S6,Volkswagen Group of America - Midsize Cars,21
Volkswagen Group of America,S7,Volkswagen Group of America - Midsize Cars,21
Volkswagen Group of America,S8,Volkswagen Group of America - Midsize Cars,19
Volkswagen Group of America,Flying Spur,Volkswagen Group of America - Midsize Cars,17
Volkswagen Group of America,Flying Spur,Volkswagen Group of America - Midsize Cars,15
Volkswagen Group of America,Mulsanne,Volkswagen Group of America - Midsize Cars,13
BMW,528i,BMW - Midsize Cars,27
BMW,528i xDrive,BMW - Midsize Cars,26
BMW,535d,BMW - Midsize Cars,30
BMW,535d xDrive,BMW - Midsize Cars,30
BMW,535i,BMW - Midsize Cars,24
BMW,535i xDrive,BMW - Midsize Cars,23
BMW,550i,BMW - Midsize Cars,20
BMW,550i xDrive,BMW - Midsize Cars,19
BMW,ActiveHybrid 5,BMW - Midsize Cars,26
BMW,M5,BMW - Midsize Cars,16
BMW,M5,BMW - Midsize Cars,17
General Motors,LACROSSE,General Motors - Midsize Cars,29
General Motors,LACROSSE,General Motors - Midsize Cars,22
General Motors,LACROSSE,General Motors - Midsize Cars,21
General Motors,LACROSSE AWD,General Motors - Midsize Cars,20
General Motors,REGAL,General Motors - Midsize Cars,24
General Motors,REGAL,General Motors - Midsize Cars,24
General Motors,REGAL,General Motors - Midsize Cars,29
General Motors,REGAL,General Motors - Midsize Cars,23
General Motors,REGAL AWD,General Motors - Midsize Cars,22
General Motors,CTS SEDAN,General Motors - Midsize Cars,25
General Motors,CTS SEDAN,General Motors - Midsize Cars,24
General Motors,CTS SEDAN,General Motors - Midsize Cars,19
General Motors,CTS SEDAN AWD,General Motors - Midsize Cars,24
General Motors,CTS SEDAN AWD,General Motors - Midsize Cars,22
General Motors,CTS-V,General Motors - Midsize Cars,17
General Motors,CRUZE LIMITED,General Motors - Midsize Cars,30
General Motors,CRUZE LIMITED,General Motors - Midsize Cars,30
General Motors,CRUZE LIMITED,General Motors - Midsize Cars,27
General Motors,CRUZE LIMITED,General Motors - Midsize Cars,29
General Motors,CRUZE LIMITED ECO,General Motors - Midsize Cars,31
General Motors,CRUZE LIMITED ECO,General Motors - Midsize Cars,33
Quantum Fuel System,Impala Bi-Fuel (CNG),Quantum Fuel System - Midsize Cars,20
General Motors,MALIBU,General Motors - Midsize Cars,31
General Motors,MALIBU,General Motors - Midsize Cars,46
General Motors,MALIBU,General Motors - Midsize Cars,26
General Motors,MALIBU LIMITED,General Motors - Midsize Cars,27
General Motors,SONIC 5 RS,General Motors - Midsize Cars,28
General Motors,SONIC 5 RS,General Motors - Midsize Cars,30
FCA US LLC,200,FCA US LLC - Midsize Cars,28
FCA US LLC,200,FCA US LLC - Midsize Cars,28
FCA US LLC,200,FCA US LLC - Midsize Cars,23
FCA US LLC,200 AWD,FCA US LLC - Midsize Cars,22
FCA US LLC,Challenger,FCA US LLC - Midsize Cars,23
FCA US LLC,Challenger,FCA US LLC - Midsize Cars,19
FCA US LLC,Challenger,FCA US LLC - Midsize Cars,18
FCA US LLC,Challenger,FCA US LLC - Midsize Cars,18
FCA US LLC,Challenger,FCA US LLC - Midsize Cars,17
FCA US LLC,Challenger SRT8,FCA US LLC - Midsize Cars,16
FCA US LLC,Challenger SRT8,FCA US LLC - Midsize Cars,16
FCA US LLC,Challenger SRT8,FCA US LLC - Midsize Cars,18
FCA US LLC,Challenger SRT8,FCA US LLC - Midsize Cars,17
FCA US LLC,Dart,FCA US LLC - Midsize Cars,31
FCA US LLC,Dart,FCA US LLC - Midsize Cars,27
FCA US LLC,Dart,FCA US LLC - Midsize Cars,29
FCA US LLC,Dart,FCA US LLC - Midsize Cars,27
FCA US LLC,Dart,FCA US LLC - Midsize Cars,27
FCA US LLC,Dart Aero,FCA US LLC - Midsize Cars,32
FCA US LLC,Dart Aero,FCA US LLC - Midsize Cars,32
FCA US LLC,Dart GT,FCA US LLC - Midsize Cars,26
FCA US LLC,Dart GT,FCA US LLC - Midsize Cars,27
Ferrari,FF,Ferrari - Midsize Cars,13
Ferrari,FF,Ferrari - Midsize Cars,13
Ford Motor Company,FOCUS RS AWD,Ford Motor Company - Midsize Cars,22
Ford Motor Company,Focus ST FWD,Ford Motor Company - Midsize Cars,25
Ford Motor Company,FUSION AWD,Ford Motor Company - Midsize Cars,25
Ford Motor Company,FUSION FWD,Ford Motor Company - Midsize Cars,28
Ford Motor Company,FUSION FWD,Ford Motor Company - Midsize Cars,29
Ford Motor Company,FUSION FWD,Ford Motor Company - Midsize Cars,26
Ford Motor Company,FUSION FWD,Ford Motor Company - Midsize Cars,26
Ford Motor Company,FUSION HYBRID FWD,Ford Motor Company - Midsize Cars,42
Honda,ACCORD,Honda - Midsize Cars,31
Honda,ACCORD,Honda - Midsize Cars,30
Honda,ACCORD,Honda - Midsize Cars,27
Honda,ACCORD,Honda - Midsize Cars,26
Honda,ACCORD,Honda - Midsize Cars,25
Honda,ACCORD,Honda - Midsize Cars,22
Honda,CIVIC 4Dr,Honda - Midsize Cars,35
Honda,CIVIC 4Dr,Honda - Midsize Cars,35
Honda,CIVIC 4Dr,Honda - Midsize Cars,31
Hyundai,Elantra,Hyundai - Midsize Cars,32
Hyundai,Elantra,Hyundai - Midsize Cars,31
Hyundai,Elantra,Hyundai - Midsize Cars,28
Hyundai,Elantra,Hyundai - Midsize Cars,28
Hyundai,Elantra GT,Hyundai - Midsize Cars,27
Hyundai,Elantra GT,Hyundai - Midsize Cars,27
Hyundai,Elantra Limited,Hyundai - Midsize Cars,31
Hyundai,Sonata HYBRID,Hyundai - Midsize Cars,41
Hyundai,Sonata HYBRID SE,Hyundai - Midsize Cars,42
Nissan,Q70,Nissan - Midsize Cars,21
Nissan,Q70,Nissan - Midsize Cars,19
Nissan,Q70 AWD,Nissan - Midsize Cars,20
Nissan,Q70 AWD,Nissan - Midsize Cars,18
Nissan,Q70 HYBRID,Nissan - Midsize Cars,31
Jaguar Land Rover L,XF,Jaguar Land Rover L - Midsize Cars,24
Jaguar Land Rover L,XF AWD,Jaguar Land Rover L - Midsize Cars,23
Kia,Forte,Kia - Midsize Cars,31
Kia,Forte,Kia - Midsize Cars,30
Kia,Forte,Kia - Midsize Cars,28
Kia,Optima HYBRID,Kia - Midsize Cars,38
Kia,Optima HYBRID EX,Kia - Midsize Cars,37
Toyota,ES 300h,Toyota - Midsize Cars,40
Toyota,ES 350,Toyota - Midsize Cars,24
Toyota,GS 200t,Toyota - Midsize Cars,26
Toyota,GS 200t F SPORT,Toyota - Midsize Cars,24
Toyota,GS 350,Toyota - Midsize Cars,23
Toyota,GS 350 AWD,Toyota - Midsize Cars,22
Toyota,GS 350 F SPORT,Toyota - Midsize Cars,22
Toyota,GS 450h,Toyota - Midsize Cars,31
Toyota,LS 460,Toyota - Midsize Cars,19
Toyota,LS 460 AWD,Toyota - Midsize Cars,18
Toyota,LS 460 L,Toyota - Midsize Cars,19
Toyota,LS 460 L AWD,Toyota - Midsize Cars,18
Toyota,LS 600h L,Toyota - Midsize Cars,20
Ford Motor Company,MKZ AWD,Ford Motor Company - Midsize Cars,25
Ford Motor Company,MKZ AWD,Ford Motor Company - Midsize Cars,20
Ford Motor Company,MKZ FWD,Ford Motor Company - Midsize Cars,26
Ford Motor Company,MKZ FWD,Ford Motor Company - Midsize Cars,22
Ford Motor Company,MKZ HYBRID FWD,Ford Motor Company - Midsize Cars,40
Maserati,Ghibli  S RWD,Maserati - Midsize Cars,19
Maserati,Ghibli V6 Rear Wheel Drive (RWD),Maserati - Midsize Cars,19
Maserati,Ghibli V6 SQ4 AWD,Maserati - Midsize Cars,19
MAZDA,MAZDA 6,MAZDA - Midsize Cars,32
MAZDA,MAZDA 6,MAZDA - Midsize Cars,31
MAZDA,MAZDA 6,MAZDA - Midsize Cars,29
MAZDA,MAZDA3 5-Door,MAZDA - Midsize Cars,33
MAZDA,MAZDA3 5-Door,MAZDA - Midsize Cars,33
MAZDA,MAZDA3 5-Door,MAZDA - Midsize Cars,32
MAZDA,MAZDA3 5-Door,MAZDA - Midsize Cars,31
MAZDA,MAZDA3 5-Door,MAZDA - Midsize Cars,29
Mercedes-Benz,AMG E 63 4MATIC,Mercedes-Benz - Midsize Cars,19
Mercedes-Benz,AMG E 63 S 4MATIC,Mercedes-Benz - Midsize Cars,18
Mercedes-Benz,E 250 BLUETEC,Mercedes-Benz - Midsize Cars,33
Mercedes-Benz,E 250 BLUETEC 4MATIC,Mercedes-Benz - Midsize Cars,31
Mercedes-Benz,E 350,Mercedes-Benz - Midsize Cars,23
Mercedes-Benz,E 350,Mercedes-Benz - Midsize Cars,23
Mercedes-Benz,E 350 4MATIC,Mercedes-Benz - Midsize Cars,23
Mercedes-Benz,E 350 4MATIC,Mercedes-Benz - Midsize Cars,23
Mercedes-Benz,E 400,Mercedes-Benz - Midsize Cars,23
Mercedes-Benz,E 400 4MATIC,Mercedes-Benz - Midsize Cars,23
Mercedes-Benz,E 550 4MATIC,Mercedes-Benz - Midsize Cars,21
BMW,Mini Cooper Clubman,BMW - Midsize Cars,28
BMW,Mini Cooper Clubman,BMW - Midsize Cars,28
BMW,Mini Cooper S Clubman,BMW - Midsize Cars,27
BMW,Mini Cooper S Clubman,BMW - Midsize Cars,26
Nissan,ALTIMA,Nissan - Midsize Cars,31
Nissan,ALTIMA 3.5,Nissan - Midsize Cars,26
Nissan,ALTIMA SR,Nissan - Midsize Cars,30
Nissan,MAXIMA,Nissan - Midsize Cars,25
Nissan,SENTRA,Nissan - Midsize Cars,32
Nissan,SENTRA,Nissan - Midsize Cars,30
Nissan,SENTRA FE+,Nissan - Midsize Cars,34
Rolls-Royce,Wraith,Rolls-Royce - Midsize Cars,15
Toyota,iM,Toyota - Midsize Cars,32
Toyota,iM,Toyota - Midsize Cars,31
Subaru,LEGACY,Subaru - Midsize Cars,30
Subaru,LEGACY,Subaru - Midsize Cars,23
Toyota,AVALON,Toyota - Midsize Cars,24
Toyota,AVALON HYBRID,Toyota - Midsize Cars,40
Toyota,CAMRY,Toyota - Midsize Cars,28
Toyota,CAMRY,Toyota - Midsize Cars,25
Toyota,CAMRY HYBRID LE,Toyota - Midsize Cars,41
Toyota,CAMRY HYBRID XLE/SE,Toyota - Midsize Cars,40
Toyota,COROLLA,Toyota - Midsize Cars,31
Toyota,COROLLA,Toyota - Midsize Cars,32
Toyota,COROLLA,Toyota - Midsize Cars,32
Toyota,COROLLA,Toyota - Midsize Cars,31
Toyota,COROLLA LE ECO,Toyota - Midsize Cars,35
Toyota,COROLLA LE ECO,Toyota - Midsize Cars,34
Toyota,PRIUS,Toyota - Midsize Cars,52
Toyota,PRIUS Eco,Toyota - Midsize Cars,56
Volkswagen Group of America,Passat,Volkswagen Group of America - Midsize Cars,29
Volkswagen Group of America,Passat,Volkswagen Group of America - Midsize Cars,23
Volvo,S80 FWD,Volvo - Midsize Cars,29
Volkswagen Group of America,A8L,Volkswagen Group of America - Large Cars,28
Volkswagen Group of America,A8L,Volkswagen Group of America - Large Cars,22
Volkswagen Group of America,A8L,Volkswagen Group of America - Large Cars,22
Volkswagen Group of America,A8L,Volkswagen Group of America - Large Cars,17
BMW,328i xDrive Gran Turismo,BMW - Large Cars,26
BMW,335i xDrive Gran Turismo,BMW - Large Cars,23
BMW,535i Gran Turismo,BMW - Large Cars,22
BMW,535i xDrive Gran Turismo,BMW - Large Cars,21
BMW,740i,BMW - Large Cars,24
BMW,750i,BMW - Large Cars,20
BMW,750i xDrive,BMW - Large Cars,19
BMW,X1 xDrive28i,BMW - Large Cars,26
General Motors,CT6,General Motors - Large Cars,25
General Motors,CT6 AWD,General Motors - Large Cars,21
General Motors,CT6 AWD,General Motors - Large Cars,22
General Motors,XTS,General Motors - Large Cars,22
General Motors,XTS AWD,General Motors - Large Cars,20
General Motors,XTS AWD,General Motors - Large Cars,18
General Motors,IMPALA,General Motors - Large Cars,25
General Motors,IMPALA,General Motors - Large Cars,22
General Motors,IMPALA,General Motors - Large Cars,22
General Motors,IMPALA LIMITED,General Motors - Large Cars,22
General Motors,SS,General Motors - Large Cars,16
General Motors,SS,General Motors - Large Cars,17
FCA US LLC,300,FCA US LLC - Large Cars,23
FCA US LLC,300,FCA US LLC - Large Cars,23
FCA US LLC,300,FCA US LLC - Large Cars,19
FCA US LLC,300 AWD,FCA US LLC - Large Cars,21
FCA US LLC,300 AWD,FCA US LLC - Large Cars,21
FCA US LLC,Charger,FCA US LLC - Large Cars,23
FCA US LLC,Charger,FCA US LLC - Large Cars,23
FCA US LLC,Charger,FCA US LLC - Large Cars,19
FCA US LLC,Charger,FCA US LLC - Large Cars,18
FCA US LLC,Charger AWD,FCA US LLC - Large Cars,21
FCA US LLC,Charger AWD,FCA US LLC - Large Cars,21
FCA US LLC,Charger SRT8,FCA US LLC - Large Cars,16
FCA US LLC,Charger SRT8,FCA US LLC - Large Cars,18
Ford Motor Company,C-MAX Hybrid FWD,Ford Motor Company - Large Cars,40
Ford Motor Company,Special Service Police FWD,Ford Motor Company - Large Cars,22
Ford Motor Company,TAURUS AWD,Ford Motor Company - Large Cars,19
Ford Motor Company,TAURUS AWD,Ford Motor Company - Large Cars,19
Ford Motor Company,TAURUS AWD FFV,Ford Motor Company - Large Cars,19
Ford Motor Company,TAURUS FWD,Ford Motor Company - Large Cars,23
Ford Motor Company,TAURUS FWD,Ford Motor Company - Large Cars,21
Ford Motor Company,TAURUS FWD FFV,Ford Motor Company - Large Cars,21
Hyundai,Azera,Hyundai - Large Cars,23
Hyundai,Azera Limited,Hyundai - Large Cars,22
Hyundai,Equus,Hyundai - Large Cars,18
Hyundai,Genesis AWD,Hyundai - Large Cars,19
Hyundai,Genesis RWD,Hyundai - Large Cars,22
Hyundai,Genesis RWD,Hyundai - Large Cars,18
Hyundai,Sonata,Hyundai - Large Cars,32
Hyundai,Sonata,Hyundai - Large Cars,26
Hyundai,Sonata,Hyundai - Large Cars,30
Hyundai,Sonata Limited,Hyundai - Large Cars,25
Hyundai,Sonata SPORT/LIMITED,Hyundai - Large Cars,29
Jaguar Land Rover L,XJ,Jaguar Land Rover L - Large Cars,21
Jaguar Land Rover L,XJ,Jaguar Land Rover L - Large Cars,18
Jaguar Land Rover L,XJ AWD,Jaguar Land Rover L - Large Cars,20
Jaguar Land Rover L,XJL,Jaguar Land Rover L - Large Cars,21
Jaguar Land Rover L,XJL,Jaguar Land Rover L - Large Cars,18
Jaguar Land Rover L,XJL AWD,Jaguar Land Rover L - Large Cars,20
Kia,Cadenza,Kia - Large Cars,22
Kia,Forte 5,Kia - Large Cars,24
Kia,Forte 5,Kia - Large Cars,24
Kia,Forte 5,Kia - Large Cars,28
Kia,K900,Kia - Large Cars,20
Kia,K900,Kia - Large Cars,18
Kia,Optima,Kia - Large Cars,32
Kia,Optima,Kia - Large Cars,25
Kia,Optima,Kia - Large Cars,28
Kia,Optima FE,Kia - Large Cars,26
Kia,Optima FE,Kia - Large Cars,30
Ford Motor Company,MKS AWD,Ford Motor Company - Large Cars,19
Ford Motor Company,MKS AWD,Ford Motor Company - Large Cars,19
Ford Motor Company,MKS FWD,Ford Motor Company - Large Cars,20
Maserati,QUATTROPORTE GTS,Maserati - Large Cars,17
Maserati,QUATTROPORTE S,Maserati - Large Cars,18
Maserati,QUATTROPORTE SQ4 V6,Maserati - Large Cars,18
Mercedes-Benz,AMG S 63 4MATIC,Mercedes-Benz - Large Cars,18
Mercedes-Benz,AMG S 65,Mercedes-Benz - Large Cars,15
Mercedes-Benz,Maybach S 600,Mercedes-Benz - Large Cars,15
Mercedes-Benz,S 550,Mercedes-Benz - Large Cars,20
Mercedes-Benz,S 550 4MATIC,Mercedes-Benz - Large Cars,19
Mercedes-Benz,S 600,Mercedes-Benz - Large Cars,16
Porsche,Panamera,Porsche - Large Cars,22
Porsche,Panamera 4,Porsche - Large Cars,21
Porsche,Panamera 4S,Porsche - Large Cars,21
Porsche,Panamera 4S Executive,Porsche - Large Cars,20
Porsche,Panamera GTS,Porsche - Large Cars,19
Porsche,Panamera S,Porsche - Large Cars,21
Porsche,Panamera Turbo,Porsche - Large Cars,18
Porsche,Panamera Turbo Executive,Porsche - Large Cars,18
Porsche,Panamera Turbo S,Porsche - Large Cars,18
Porsche,Panamera Turbo S Executive,Porsche - Large Cars,18
Rolls-Royce,Ghost,Rolls-Royce - Large Cars,15
Rolls-Royce,Ghost EWB,Rolls-Royce - Large Cars,15
Rolls-Royce,Phantom,Rolls-Royce - Large Cars,14
Rolls-Royce,Phantom EWB,Rolls-Royce - Large Cars,14
Volkswagen Group of America,allroad quattro,Volkswagen Group of America - Small Station Wagons,24
BMW,328d xDrive Sports Wagon,BMW - Small Station Wagons,34
BMW,328i xDrive Sports Wagon,BMW - Small Station Wagons,26
General Motors,SONIC 5,General Motors - Small Station Wagons,31
General Motors,SONIC 5,General Motors - Small Station Wagons,33
General Motors,SONIC 5,General Motors - Small Station Wagons,28
General Motors,SONIC 5,General Motors - Small Station Wagons,30
FCA US LLC,500L,FCA US LLC - Small Station Wagons,25
FCA US LLC,500L,FCA US LLC - Small Station Wagons,28
Honda,FIT,Honda - Small Station Wagons,36
Honda,FIT,Honda - Small Station Wagons,35
Honda,FIT,Honda - Small Station Wagons,32
Nissan,QX50,Nissan - Small Station Wagons,20
Nissan,QX50 AWD,Nissan - Small Station Wagons,20
Kia,Soul,Kia - Small Station Wagons,26
Kia,Soul,Kia - Small Station Wagons,26
Kia,Soul,Kia - Small Station Wagons,27
Kia,Soul ECO dynamics,Kia - Small Station Wagons,27
Nissan,JUKE,Nissan - Small Station Wagons,30
Nissan,JUKE,Nissan - Small Station Wagons,30
Nissan,JUKE AWD,Nissan - Small Station Wagons,28
Nissan,JUKE NISMO RS,Nissan - Small Station Wagons,27
Nissan,JUKE NISMO RS AWD,Nissan - Small Station Wagons,27
Subaru,IMPREZA SPORT,Subaru - Small Station Wagons,31
Subaru,IMPREZA SPORT,Subaru - Small Station Wagons,28
Subaru,IMPREZA WAGON,Subaru - Small Station Wagons,31
Subaru,IMPREZA WAGON,Subaru - Small Station Wagons,28
Volkswagen Group of America,Golf SportWagen,Volkswagen Group of America - Small Station Wagons,29
Volkswagen Group of America,Golf SportWagen,Volkswagen Group of America - Small Station Wagons,29
Volvo,V60 AWD,Volvo - Small Station Wagons,25
Volvo,V60 AWD,Volvo - Small Station Wagons,23
Volvo,V60 AWD,Volvo - Small Station Wagons,21
Volvo,V60 FWD,Volvo - Small Station Wagons,29
Volvo,V60 Polestar AWD,Volvo - Small Station Wagons,21
Volvo,V60CC AWD,Volvo - Small Station Wagons,23
Mercedes-Benz,AMG E 63 S 4MATIC (stat. wagon),Mercedes-Benz - Midsize Station Wagons,18
Mercedes-Benz,AMG GLA 45 4MATIC,Mercedes-Benz - Midsize Station Wagons,25
Mercedes-Benz,E 350 4Matic (Wagon),Mercedes-Benz - Midsize Station Wagons,22
Mercedes-Benz,GLA 250,Mercedes-Benz - Midsize Station Wagons,29
Nissan,MURANO AWD,Nissan - Midsize Station Wagons,24
Nissan,MURANO FWD,Nissan - Midsize Station Wagons,24
Nissan,MURANO Hybrid AWD,Nissan - Midsize Station Wagons,28
Nissan,MURANO Hybrid FWD,Nissan - Midsize Station Wagons,29
Toyota,PRIUS v,Toyota - Midsize Station Wagons,42
General Motors,COLORADO 2WD,General Motors - Small Pick-up Trucks 2WD,22
General Motors,COLORADO 2WD,General Motors - Small Pick-up Trucks 2WD,22
General Motors,COLORADO 2WD,General Motors - Small Pick-up Trucks 2WD,25
General Motors,COLORADO 2WD,General Motors - Small Pick-up Trucks 2WD,21
General Motors,CANYON 2WD,General Motors - Small Pick-up Trucks 2WD,22
General Motors,CANYON 2WD,General Motors - Small Pick-up Trucks 2WD,22
General Motors,CANYON 2WD,General Motors - Small Pick-up Trucks 2WD,25
General Motors,CANYON 2WD,General Motors - Small Pick-up Trucks 2WD,21
Nissan,FRONTIER 2WD,Nissan - Small Pick-up Trucks 2WD,19
Nissan,FRONTIER 2WD,Nissan - Small Pick-up Trucks 2WD,21
Nissan,FRONTIER 2WD,Nissan - Small Pick-up Trucks 2WD,18
Nissan,FRONTIER 2WD,Nissan - Small Pick-up Trucks 2WD,19
Toyota,TACOMA 2WD,Toyota - Small Pick-up Trucks 2WD,21
Toyota,TACOMA 2WD,Toyota - Small Pick-up Trucks 2WD,21
General Motors,COLORADO 4WD,General Motors - Small Pick-up Trucks 4WD,21
General Motors,COLORADO 4WD,General Motors - Small Pick-up Trucks 4WD,23
General Motors,COLORADO 4WD,General Motors - Small Pick-up Trucks 4WD,20
General Motors,CANYON 4WD,General Motors - Small Pick-up Trucks 4WD,21
General Motors,CANYON 4WD,General Motors - Small Pick-up Trucks 4WD,23
General Motors,CANYON 4WD,General Motors - Small Pick-up Trucks 4WD,20
Nissan,FRONTIER 4WD,Nissan - Small Pick-up Trucks 4WD,17
Nissan,FRONTIER 4WD,Nissan - Small Pick-up Trucks 4WD,18
Toyota,TACOMA 4WD,Toyota - Small Pick-up Trucks 4WD,20
Toyota,TACOMA 4WD,Toyota - Small Pick-up Trucks 4WD,20
Toyota,TACOMA 4WD,Toyota - Small Pick-up Trucks 4WD,20
Toyota,TACOMA 4WD,Toyota - Small Pick-up Trucks 4WD,19
Toyota,Tacoma 4WD Double Cab,Toyota - Small Pick-up Trucks 4WD,18
General Motors,C15 SILVERADO 2WD,General Motors - Standard Pick-up Trucks 2WD,20
General Motors,C15 SILVERADO 2WD,General Motors - Standard Pick-up Trucks 2WD,19
General Motors,C15 SILVERADO 2WD,General Motors - Standard Pick-up Trucks 2WD,19
General Motors,C15 SILVERADO 2WD,General Motors - Standard Pick-up Trucks 2WD,18
General Motors,C15 SILVERADO 2WD,General Motors - Standard Pick-up Trucks 2WD,17
Ford Motor Company,F150 2.7L 2WD GVWR,Ford Motor Company - Standard Pick-up Trucks 2WD,21
Ford Motor Company,F150 2WD,Ford Motor Company - Standard Pick-up Trucks 2WD,22
Ford Motor Company,F150 2WD,Ford Motor Company - Standard Pick-up Trucks 2WD,20
Ford Motor Company,F150 2WD FFV,Ford Motor Company - Standard Pick-up Trucks 2WD,20
Ford Motor Company,F150 2WD FFV,Ford Motor Company - Standard Pick-up Trucks 2WD,18
Ford Motor Company,F150 3.5L 2WD GVWR,Ford Motor Company - Standard Pick-up Trucks 2WD,18
Ford Motor Company,F150 5.0L 2WD FFV GVWR,Ford Motor Company - Standard Pick-up Trucks 2WD,16
General Motors,C15 SIERRA 2WD,General Motors - Standard Pick-up Trucks 2WD,20
General Motors,C15 SIERRA 2WD,General Motors - Standard Pick-up Trucks 2WD,19
General Motors,C15 SIERRA 2WD,General Motors - Standard Pick-up Trucks 2WD,19
General Motors,C15 SIERRA 2WD,General Motors - Standard Pick-up Trucks 2WD,18
General Motors,C15 SIERRA 2WD,General Motors - Standard Pick-up Trucks 2WD,17
FCA US LLC,1500 4X2,FCA US LLC - Standard Pick-up Trucks 2WD,23
FCA US LLC,1500 4X2,FCA US LLC - Standard Pick-up Trucks 2WD,20
FCA US LLC,1500 4X2,FCA US LLC - Standard Pick-up Trucks 2WD,16
FCA US LLC,1500 4X2,FCA US LLC - Standard Pick-up Trucks 2WD,17
FCA US LLC,1500 HFE 4X2,FCA US LLC - Standard Pick-up Trucks 2WD,24
FCA US LLC,1500 HFE 4X2,FCA US LLC - Standard Pick-up Trucks 2WD,21
Toyota,TUNDRA 2WD,Toyota - Standard Pick-up Trucks 2WD,16
Toyota,TUNDRA 2WD,Toyota - Standard Pick-up Trucks 2WD,15
Toyota,TUNDRA 2WD FFV,Toyota - Standard Pick-up Trucks 2WD,15
General Motors,K15 SILVERADO 4WD,General Motors - Standard Pick-up Trucks 4WD,19
General Motors,K15 SILVERADO 4WD,General Motors - Standard Pick-up Trucks 4WD,18
General Motors,K15 SILVERADO 4WD,General Motors - Standard Pick-up Trucks 4WD,18
General Motors,K15 SILVERADO 4WD,General Motors - Standard Pick-up Trucks 4WD,17
General Motors,K15 SILVERADO 4WD,General Motors - Standard Pick-up Trucks 4WD,17
Ford Motor Company,F150 2.7L 4WD GVWR,Ford Motor Company - Standard Pick-up Trucks 4WD,19
Ford Motor Company,F150 3.5L 4WD GVWR,Ford Motor Company - Standard Pick-up Trucks 4WD,17
Ford Motor Company,F150 4WD,Ford Motor Company - Standard Pick-up Trucks 4WD,20
Ford Motor Company,F150 4WD,Ford Motor Company - Standard Pick-up Trucks 4WD,18
Ford Motor Company,F150 4WD FFV,Ford Motor Company - Standard Pick-up Trucks 4WD,19
Ford Motor Company,F150 4WD FFV,Ford Motor Company - Standard Pick-up Trucks 4WD,17
Ford Motor Company,F150 5.0L 4WD FFV GVWR,Ford Motor Company - Standard Pick-up Trucks 4WD,16
General Motors,K15 SIERRA 4WD,General Motors - Standard Pick-up Trucks 4WD,19
General Motors,K15 SIERRA 4WD,General Motors - Standard Pick-up Trucks 4WD,18
General Motors,K15 SIERRA 4WD,General Motors - Standard Pick-up Trucks 4WD,18
General Motors,K15 SIERRA 4WD,General Motors - Standard Pick-up Trucks 4WD,17
General Motors,K15 SIERRA 4WD,General Motors - Standard Pick-up Trucks 4WD,17
FCA US LLC,1500 4X4,FCA US LLC - Standard Pick-up Trucks 4WD,22
FCA US LLC,1500 4X4,FCA US LLC - Standard Pick-up Trucks 4WD,19
FCA US LLC,1500 4X4,FCA US LLC - Standard Pick-up Trucks 4WD,15
FCA US LLC,1500 4X4,FCA US LLC - Standard Pick-up Trucks 4WD,17
Toyota,TUNDRA 4WD,Toyota - Standard Pick-up Trucks 4WD,16
Toyota,TUNDRA 4WD,Toyota - Standard Pick-up Trucks 4WD,15
Toyota,TUNDRA 4WD FFV,Toyota - Standard Pick-up Trucks 4WD,15
General Motors,G2500 EXPRESS 2WD PASS MDPV,"General Motors - Vans, Passenger Type",13
General Motors,G3500 EXPRESS 2WD PASS MDPV,"General Motors - Vans, Passenger Type",12
Ford Motor Company,Transit T150 Wagon,"Ford Motor Company - Vans, Passenger Type",16
Ford Motor Company,Transit T150 Wagon FFV,"Ford Motor Company - Vans, Passenger Type",16
General Motors,G2500 SAVANA 2WD PASS MDPV,"General Motors - Vans, Passenger Type",13
General Motors,G3500 SAVANA 2WD PASS MDPV,"General Motors - Vans, Passenger Type",12
General Motors,XTS HEARSE,General Motors - Special Purpose Vehicle 2WD,17
General Motors,XTS LIMO,General Motors - Special Purpose Vehicle 2WD,17
Nissan,City Express Cargo Van,Nissan - Special Purpose Vehicle 2WD,25
Ford Motor Company,Transit Connect Van 2WD,Ford Motor Company - Special Purpose Vehicle 2WD,25
Ford Motor Company,Transit Connect Van 2WD,Ford Motor Company - Special Purpose Vehicle 2WD,23
Ford Motor Company,TRANSIT CONNECT VAN FFV,Ford Motor Company - Special Purpose Vehicle 2WD,23
Ford Motor Company,TRANSIT CONNECT WAGON FFV,Ford Motor Company - Special Purpose Vehicle 2WD,22
Ford Motor Company,TRANSIT CONNECT WAGON FWD,Ford Motor Company - Special Purpose Vehicle 2WD,25
Ford Motor Company,TRANSIT CONNECT WAGON FWD,Ford Motor Company - Special Purpose Vehicle 2WD,22
Ford Motor Company,TRANSIT CONNECT WAGON LWB FFV,Ford Motor Company - Special Purpose Vehicle 2WD,22
Ford Motor Company,Transit Connect Wagon LWB FWD,Ford Motor Company - Special Purpose Vehicle 2WD,22
Ford Motor Company,MKT LIVERY FWD,Ford Motor Company - Special Purpose Vehicle 2WD,21
Mercedes-Benz,Metris (Cargo Van),Mercedes-Benz - Special Purpose Vehicle 2WD,22
Mercedes-Benz,Metris (Passenger Van),Mercedes-Benz - Special Purpose Vehicle 2WD,22
Nissan,NV200 Cargo Van,Nissan - Special Purpose Vehicle 2WD,25
Nissan,NV200 NYC Taxi,Nissan - Special Purpose Vehicle 2WD,24
FCA US LLC,Promaster City,FCA US LLC - Special Purpose Vehicle 2WD,24
Ford Motor Company,MKT LIVERY AWD,Ford Motor Company - Special Purpose Vehicle 4WD,18
General Motors,C15 SILVERADO 2WD CAB CHASSIS,General Motors - Special Purpose Vehicle cab chassis,17
General Motors,COLORADO CAB CHASSIS 2WD,General Motors - Special Purpose Vehicle cab chassis,16
General Motors,K15 SILVERADO 4WD CAB CHASSIS,General Motors - Special Purpose Vehicle cab chassis,17
General Motors,C15 SIERRA 2WD CAB CHASSIS,General Motors - Special Purpose Vehicle cab chassis,17
General Motors,CANYON CAB CHASSIS 2WD,General Motors - Special Purpose Vehicle cab chassis,16
General Motors,K15 SIERRA 4WD CAB CHASSIS,General Motors - Special Purpose Vehicle cab chassis,17
FCA US LLC,Town & Country,"FCA US LLC - Special Purpose Vehicle, minivan 2WD",20
FCA US LLC,Town & Country,"FCA US LLC - Special Purpose Vehicle, minivan 2WD",20
FCA US LLC,Grand Caravan,"FCA US LLC - Special Purpose Vehicle, minivan 2WD",20
FCA US LLC,Grand Caravan,"FCA US LLC - Special Purpose Vehicle, minivan 2WD",20
Honda,ODYSSEY 2WD,"Honda - Special Purpose Vehicle, minivan 2WD",22
Kia,Sedona,"Kia - Special Purpose Vehicle, minivan 2WD",20
Kia,Sedona SX,"Kia - Special Purpose Vehicle, minivan 2WD",21
Kia,Sedona SXL,"Kia - Special Purpose Vehicle, minivan 2WD",19
Nissan,QUEST,"Nissan - Special Purpose Vehicle, minivan 2WD",23
Toyota,SIENNA,"Toyota - Special Purpose Vehicle, minivan 2WD",21
Toyota,SIENNA AWD,"Toyota - Special Purpose Vehicle, minivan 4WD",19
Honda,MDX 2WD,Honda - Small SUV 2WD,22
Honda,MDX 2WD,Honda - Small SUV 2WD,23
Honda,RDX 2WD,Honda - Small SUV 2WD,23
BMW,X3 sDrive 28i,BMW - Small SUV 2WD,24
General Motors,ENCORE,General Motors - Small SUV 2WD,28
General Motors,ENCORE,General Motors - Small SUV 2WD,30
General Motors,EQUINOX FWD,General Motors - Small SUV 2WD,26
General Motors,EQUINOX FWD,General Motors - Small SUV 2WD,26
General Motors,EQUINOX FWD,General Motors - Small SUV 2WD,20
General Motors,TRAX,General Motors - Small SUV 2WD,29
FCA US LLC,Journey,FCA US LLC - Small SUV 2WD,21
FCA US LLC,Journey,FCA US LLC - Small SUV 2WD,19
FCA US LLC,500X,FCA US LLC - Small SUV 2WD,28
FCA US LLC,500X,FCA US LLC - Small SUV 2WD,25
Ford Motor Company,EDGE FWD,Ford Motor Company - Small SUV 2WD,24
Ford Motor Company,EDGE FWD,Ford Motor Company - Small SUV 2WD,24
Ford Motor Company,EDGE FWD,Ford Motor Company - Small SUV 2WD,21
Ford Motor Company,ESCAPE FWD,Ford Motor Company - Small SUV 2WD,26
Ford Motor Company,ESCAPE FWD,Ford Motor Company - Small SUV 2WD,25
Ford Motor Company,ESCAPE FWD,Ford Motor Company - Small SUV 2WD,25
General Motors,TERRAIN FWD,General Motors - Small SUV 2WD,26
General Motors,TERRAIN FWD,General Motors - Small SUV 2WD,26
General Motors,TERRAIN FWD,General Motors - Small SUV 2WD,20
Honda,CR-V 2WD,Honda - Small SUV 2WD,29
Honda,HR-V 2WD,Honda - Small SUV 2WD,31
Honda,HR-V 2WD,Honda - Small SUV 2WD,31
Honda,HR-V 2WD,Honda - Small SUV 2WD,28
Honda,PILOT 2WD,Honda - Small SUV 2WD,22
Honda,PILOT 2WD,Honda - Small SUV 2WD,23
Hyundai,Santa Fe FWD,Hyundai - Small SUV 2WD,21
Hyundai,Santa Fe Sport FWD,Hyundai - Small SUV 2WD,22
Hyundai,Santa Fe Sport FWD,Hyundai - Small SUV 2WD,23
Hyundai,Santa Fe Sport ULTIMATE FWD,Hyundai - Small SUV 2WD,22
Hyundai,Santa Fe Ultimate FWD,Hyundai - Small SUV 2WD,20
Hyundai,Tucson Eco FWD,Hyundai - Small SUV 2WD,29
Hyundai,Tucson FWD,Hyundai - Small SUV 2WD,27
Hyundai,Tucson FWD,Hyundai - Small SUV 2WD,26
Nissan,QX60 FWD,Nissan - Small SUV 2WD,23
Nissan,QX70 RWD,Nissan - Small SUV 2WD,19
FCA US LLC,Cherokee FWD,FCA US LLC - Small SUV 2WD,25
FCA US LLC,Cherokee FWD,FCA US LLC - Small SUV 2WD,25
FCA US LLC,Cherokee FWD,FCA US LLC - Small SUV 2WD,24
FCA US LLC,Compass FWD,FCA US LLC - Small SUV 2WD,24
FCA US LLC,Compass FWD,FCA US LLC - Small SUV 2WD,26
FCA US LLC,Compass FWD,FCA US LLC - Small SUV 2WD,23
FCA US LLC,Compass FWD,FCA US LLC - Small SUV 2WD,25
FCA US LLC,Patriot FWD,FCA US LLC - Small SUV 2WD,24
FCA US LLC,Patriot FWD,FCA US LLC - Small SUV 2WD,26
FCA US LLC,Patriot FWD,FCA US LLC - Small SUV 2WD,23
FCA US LLC,Patriot FWD,FCA US LLC - Small SUV 2WD,25
FCA US LLC,Renegade 4x2,FCA US LLC - Small SUV 2WD,27
FCA US LLC,Renegade 4x2,FCA US LLC - Small SUV 2WD,25
Kia,Sorento FWD,Kia - Small SUV 2WD,23
Kia,Sorento FWD,Kia - Small SUV 2WD,24
Kia,Sorento FWD,Kia - Small SUV 2WD,21
Kia,Sportage FWD,Kia - Small SUV 2WD,24
Kia,Sportage SX FWD,Kia - Small SUV 2WD,22
Toyota,NX 200t,Toyota - Small SUV 2WD,25
Toyota,NX 300h,Toyota - Small SUV 2WD,33
Toyota,RX 350,Toyota - Small SUV 2WD,23
Toyota,RX 450h,Toyota - Small SUV 2WD,30
Ford Motor Company,MKC  FWD,Ford Motor Company - Small SUV 2WD,23
Ford Motor Company,MKX FWD,Ford Motor Company - Small SUV 2WD,21
Ford Motor Company,MKX FWD,Ford Motor Company - Small SUV 2WD,20
MAZDA,CX-5 2WD,MAZDA - Small SUV 2WD,29
MAZDA,CX-5 2WD,MAZDA - Small SUV 2WD,29
Mercedes-Benz,GLC 300,Mercedes-Benz - Small SUV 2WD,24
Mitsubishi Motors Co,OUTLANDER 2WD,Mitsubishi Motors Co - Small SUV 2WD,27
Mitsubishi Motors Co,OUTLANDER SPORT 2WD,Mitsubishi Motors Co - Small SUV 2WD,27
Mitsubishi Motors Co,OUTLANDER SPORT 2WD,Mitsubishi Motors Co - Small SUV 2WD,25
Mitsubishi Motors Co,OUTLANDER SPORT 2WD,Mitsubishi Motors Co - Small SUV 2WD,25
Nissan,PATHFINDER 2WD,Nissan - Small SUV 2WD,23
Nissan,ROGUE FWD,Nissan - Small SUV 2WD,28
Toyota,HIGHLANDER,Toyota - Small SUV 2WD,22
Toyota,HIGHLANDER,Toyota - Small SUV 2WD,21
Toyota,RAV4,Toyota - Small SUV 2WD,26
Toyota,RAV4 LE/XLE,Toyota - Small SUV 2WD,26
Volkswagen Group of America,Tiguan,Volkswagen Group of America - Small SUV 2WD,23
Volvo,XC60 FWD,Volvo - Small SUV 2WD,24
Volvo,XC60 FWD,Volvo - Small SUV 2WD,26
Volvo,XC70 FWD,Volvo - Small SUV 2WD,26
Honda,MDX 4WD,Honda - Small SUV 4WD,22
Honda,MDX 4WD,Honda - Small SUV 4WD,21
Honda,RDX 4WD,Honda - Small SUV 4WD,22
Volkswagen Group of America,Q5,Volkswagen Group of America - Small SUV 4WD,23
Volkswagen Group of America,Q5,Volkswagen Group of America - Small SUV 4WD,27
Volkswagen Group of America,Q5,Volkswagen Group of America - Small SUV 4WD,21
Volkswagen Group of America,Q5 Hybrid,Volkswagen Group of America - Small SUV 4WD,26
Volkswagen Group of America,SQ5,Volkswagen Group of America - Small SUV 4WD,19
BMW,X3 xDrive28d,BMW - Small SUV 4WD,30
BMW,X3 xDrive28i,BMW - Small SUV 4WD,24
BMW,X3 xDrive35i,BMW - Small SUV 4WD,22
BMW,X4 M40i,BMW - Small SUV 4WD,21
BMW,X4 xDrive28i,BMW - Small SUV 4WD,23
BMW,X4 xDrive35i,BMW - Small SUV 4WD,22
General Motors,ENCORE AWD,General Motors - Small SUV 4WD,26
General Motors,ENCORE AWD,General Motors - Small SUV 4WD,29
General Motors,EQUINOX AWD,General Motors - Small SUV 4WD,23
General Motors,EQUINOX AWD,General Motors - Small SUV 4WD,23
General Motors,EQUINOX AWD,General Motors - Small SUV 4WD,18
General Motors,TRAX AWD,General Motors - Small SUV 4WD,27
FCA US LLC,Journey AWD,FCA US LLC - Small SUV 4WD,19
FCA US LLC,500X AWD,FCA US LLC - Small SUV 4WD,24
Ford Motor Company,EDGE AWD,Ford Motor Company - Small SUV 4WD,23
Ford Motor Company,EDGE AWD,Ford Motor Company - Small SUV 4WD,20
Ford Motor Company,EDGE AWD,Ford Motor Company - Small SUV 4WD,20
Ford Motor Company,ESCAPE AWD,Ford Motor Company - Small SUV 4WD,25
Ford Motor Company,ESCAPE AWD,Ford Motor Company - Small SUV 4WD,23
General Motors,TERRAIN AWD,General Motors - Small SUV 4WD,23
General Motors,TERRAIN AWD,General Motors - Small SUV 4WD,18
Honda,CR-V 4WD,Honda - Small SUV 4WD,27
Honda,HR-V 4WD,Honda - Small SUV 4WD,29
Honda,HR-V 4WD,Honda - Small SUV 4WD,29
Honda,PILOT 4WD,Honda - Small SUV 4WD,21
Honda,PILOT 4WD,Honda - Small SUV 4WD,22
Hyundai,Santa Fe AWD,Hyundai - Small SUV 4WD,20
Hyundai,Santa Fe Sport AWD,Hyundai - Small SUV 4WD,21
Hyundai,Santa Fe Sport AWD,Hyundai - Small SUV 4WD,21
Hyundai,Santa Fe Ultimate AWD,Hyundai - Small SUV 4WD,19
Hyundai,Tucson AWD,Hyundai - Small SUV 4WD,26
Hyundai,Tucson AWD,Hyundai - Small SUV 4WD,23
Hyundai,Tucson Eco AWD,Hyundai - Small SUV 4WD,27
Nissan,QX60 AWD,Nissan - Small SUV 4WD,22
Nissan,QX70 AWD,Nissan - Small SUV 4WD,18
FCA US LLC,Cherokee 4X4,FCA US LLC - Small SUV 4WD,24
FCA US LLC,Cherokee 4X4,FCA US LLC - Small SUV 4WD,24
FCA US LLC,Cherokee 4X4,FCA US LLC - Small SUV 4WD,23
FCA US LLC,Cherokee 4x4 Active Drive II,FCA US LLC - Small SUV 4WD,23
FCA US LLC,Cherokee 4x4 Active Drive II,FCA US LLC - Small SUV 4WD,22
FCA US LLC,Cherokee Trailhawk 4X4,FCA US LLC - Small SUV 4WD,22
FCA US LLC,Cherokee Trailhawk 4X4,FCA US LLC - Small SUV 4WD,22
FCA US LLC,Compass 4X4,FCA US LLC - Small SUV 4WD,22
FCA US LLC,Compass 4X4,FCA US LLC - Small SUV 4WD,21
FCA US LLC,Compass 4X4,FCA US LLC - Small SUV 4WD,24
FCA US LLC,Patriot 4X4,FCA US LLC - Small SUV 4WD,22
FCA US LLC,Patriot 4X4,FCA US LLC - Small SUV 4WD,21
FCA US LLC,Patriot 4X4,FCA US LLC - Small SUV 4WD,24
FCA US LLC,Renegade 4x4,FCA US LLC - Small SUV 4WD,27
FCA US LLC,Renegade 4x4,FCA US LLC - Small SUV 4WD,24
FCA US LLC,Wrangler 4X4,FCA US LLC - Small SUV 4WD,18
FCA US LLC,Wrangler 4X4,FCA US LLC - Small SUV 4WD,18
FCA US LLC,Wrangler Unlimited 4X4,FCA US LLC - Small SUV 4WD,18
FCA US LLC,Wrangler Unlimited 4X4,FCA US LLC - Small SUV 4WD,18
Kia,Sorento AWD,Kia - Small SUV 4WD,22
Kia,Sorento AWD,Kia - Small SUV 4WD,23
Kia,Sorento AWD,Kia - Small SUV 4WD,19
Kia,Sorento AWD FE,Kia - Small SUV 4WD,21
Kia,Sportage AWD,Kia - Small SUV 4WD,22
Kia,Sportage SX AWD,Kia - Small SUV 4WD,21
Jaguar Land Rover L,Discovery Sport,Jaguar Land Rover L - Small SUV 4WD,22
Jaguar Land Rover L,Range Rover Evoque,Jaguar Land Rover L - Small SUV 4WD,24
Toyota,NX 200t AWD,Toyota - Small SUV 4WD,24
Toyota,NX 200t AWD F SPORT,Toyota - Small SUV 4WD,24
Toyota,NX 300h AWD,Toyota - Small SUV 4WD,32
Toyota,RX 350 AWD,Toyota - Small SUV 4WD,22
Ford Motor Company,MKC  AWD,Ford Motor Company - Small SUV 4WD,22
Ford Motor Company,MKC  AWD,Ford Motor Company - Small SUV 4WD,21
Ford Motor Company,MKX AWD,Ford Motor Company - Small SUV 4WD,19
Ford Motor Company,MKX AWD,Ford Motor Company - Small SUV 4WD,19
MAZDA,CX-5 4WD,MAZDA - Small SUV 4WD,26
Mercedes-Benz,GLA 250 4MATIC,Mercedes-Benz - Small SUV 4WD,27
Mercedes-Benz,GLA 250 4MATIC,Mercedes-Benz - Small SUV 4WD,27
Mercedes-Benz,GLC 300 4MATIC,Mercedes-Benz - Small SUV 4WD,24
Mitsubishi Motors Co,OUTLANDER 4WD,Mitsubishi Motors Co - Small SUV 4WD,26
Mitsubishi Motors Co,OUTLANDER 4WD,Mitsubishi Motors Co - Small SUV 4WD,23
Mitsubishi Motors Co,OUTLANDER SPORT 4WD,Mitsubishi Motors Co - Small SUV 4WD,26
Mitsubishi Motors Co,OUTLANDER SPORT 4WD,Mitsubishi Motors Co - Small SUV 4WD,24
Nissan,PATHFINDER 4WD,Nissan - Small SUV 4WD,22
Nissan,PATHFINDER 4WD PLATINUM,Nissan - Small SUV 4WD,21
Nissan,ROGUE AWD,Nissan - Small SUV 4WD,28
Porsche,Macan S,Porsche - Small SUV 4WD,19
Porsche,Macan Turbo,Porsche - Small SUV 4WD,19
Subaru,CROSSTREK,Subaru - Small SUV 4WD,29
Subaru,CROSSTREK,Subaru - Small SUV 4WD,26
Subaru,CROSSTREK HYBRID,Subaru - Small SUV 4WD,31
Subaru,FORESTER,Subaru - Small SUV 4WD,25
Subaru,FORESTER,Subaru - Small SUV 4WD,27
Subaru,FORESTER,Subaru - Small SUV 4WD,25
Subaru,OUTBACK,Subaru - Small SUV 4WD,28
Subaru,OUTBACK,Subaru - Small SUV 4WD,22
Toyota,RAV4 AWD,Toyota - Small SUV 4WD,25
Toyota,RAV4 HYBRID AWD,Toyota - Small SUV 4WD,33
Toyota,RAV4 Limited AWD/SE AWD,Toyota - Small SUV 4WD,25
Volkswagen Group of America,Tiguan 4Motion,Volkswagen Group of America - Small SUV 4WD,23
Volvo,XC60 AWD,Volvo - Small SUV 4WD,23
Volvo,XC60 AWD,Volvo - Small SUV 4WD,22
Volvo,XC60 AWD,Volvo - Small SUV 4WD,20
Volvo,XC70 AWD,Volvo - Small SUV 4WD,22
BMW,X5 sDrive35i,BMW - Standard SUV 2WD,21
BMW,X6 sDrive35i,BMW - Standard SUV 2WD,21
General Motors,ENCLAVE FWD,General Motors - Standard SUV 2WD,19
General Motors,ESCALADE 2WD,General Motors - Standard SUV 2WD,17
General Motors,SRX,General Motors - Standard SUV 2WD,19
General Motors,C1500 SUBURBAN 2WD,General Motors - Standard SUV 2WD,18
General Motors,C1500 SUBURBAN 2WD,General Motors - Standard SUV 2WD,18
General Motors,C1500 TAHOE 2WD,General Motors - Standard SUV 2WD,18
General Motors,C1500 TAHOE 2WD,General Motors - Standard SUV 2WD,18
General Motors,TRAVERSE FWD,General Motors - Standard SUV 2WD,19
FCA US LLC,Durango RWD,FCA US LLC - Standard SUV 2WD,22
FCA US LLC,Durango RWD,FCA US LLC - Standard SUV 2WD,17
Ford Motor Company,Expedition 2WD,Ford Motor Company - Standard SUV 2WD,18
Ford Motor Company,Expedition EL 2WD,Ford Motor Company - Standard SUV 2WD,17
Ford Motor Company,EXPLORER FFV 2WD,Ford Motor Company - Standard SUV 2WD,20
Ford Motor Company,EXPLORER FWD,Ford Motor Company - Standard SUV 2WD,22
Ford Motor Company,EXPLORER FWD,Ford Motor Company - Standard SUV 2WD,20
Ford Motor Company,Flex FWD,Ford Motor Company - Standard SUV 2WD,19
General Motors,ACADIA FWD,General Motors - Standard SUV 2WD,19
General Motors,C1500 YUKON 2WD,General Motors - Standard SUV 2WD,18
General Motors,C1500 YUKON 2WD,General Motors - Standard SUV 2WD,18
General Motors,C1500 YUKON 2WD,General Motors - Standard SUV 2WD,17
General Motors,C1500 YUKON XL 2WD,General Motors - Standard SUV 2WD,18
General Motors,C1500 YUKON XL 2WD,General Motors - Standard SUV 2WD,18
General Motors,C1500 YUKON XL 2WD,General Motors - Standard SUV 2WD,17
Nissan,QX60 Hybrid FWD,Nissan - Standard SUV 2WD,26
Nissan,QX80 2WD,Nissan - Standard SUV 2WD,16
FCA US LLC,Grand Cherokee 4X2,FCA US LLC - Standard SUV 2WD,25
FCA US LLC,Grand Cherokee 4X2,FCA US LLC - Standard SUV 2WD,22
Ford Motor Company,MKT FWD,Ford Motor Company - Standard SUV 2WD,19
Ford Motor Company,Navigator 2WD,Ford Motor Company - Standard SUV 2WD,18
Ford Motor Company,Navigator L 2WD,Ford Motor Company - Standard SUV 2WD,17
Mercedes-Benz,GLE 350,Mercedes-Benz - Standard SUV 2WD,20
Toyota,4RUNNER 2WD,Toyota - Standard SUV 2WD,19
Toyota,SEQUOIA 2WD,Toyota - Standard SUV 2WD,15
Volvo,XC90 FWD,Volvo - Standard SUV 2WD,24
BMW,X5 M,BMW - Standard SUV 4WD,16
BMW,X5 xDrive 35d,BMW - Standard SUV 4WD,26
BMW,X5 xDrive35i,BMW - Standard SUV 4WD,20
BMW,X5 xDrive50i,BMW - Standard SUV 4WD,17
BMW,X6 M,BMW - Standard SUV 4WD,16
BMW,X6 xDrive35i,BMW - Standard SUV 4WD,20
BMW,X6 xDrive50i,BMW - Standard SUV 4WD,17
General Motors,ENCLAVE AWD,General Motors - Standard SUV 4WD,18
General Motors,ESCALADE 4WD,General Motors - Standard SUV 4WD,17
General Motors,SRX AWD,General Motors - Standard SUV 4WD,18
General Motors,K1500 SUBURBAN 4WD,General Motors - Standard SUV 4WD,18
General Motors,K1500 SUBURBAN 4WD,General Motors - Standard SUV 4WD,18
General Motors,K1500 TAHOE 4WD,General Motors - Standard SUV 4WD,18
General Motors,K1500 TAHOE 4WD,General Motors - Standard SUV 4WD,18
General Motors,TRAVERSE AWD,General Motors - Standard SUV 4WD,19
FCA US LLC,Durango AWD,FCA US LLC - Standard SUV 4WD,21
FCA US LLC,Durango AWD,FCA US LLC - Standard SUV 4WD,17
Ford Motor Company,Expedition 4WD,Ford Motor Company - Standard SUV 4WD,17
Ford Motor Company,Expedition EL 4WD,Ford Motor Company - Standard SUV 4WD,16
Ford Motor Company,EXPLORER AWD,Ford Motor Company - Standard SUV 4WD,21
Ford Motor Company,EXPLORER AWD,Ford Motor Company - Standard SUV 4WD,18
Ford Motor Company,EXPLORER AWD,Ford Motor Company - Standard SUV 4WD,19
Ford Motor Company,EXPLORER FFV AWD,Ford Motor Company - Standard SUV 4WD,19
Ford Motor Company,FLEX AWD,Ford Motor Company - Standard SUV 4WD,18
Ford Motor Company,FLEX AWD,Ford Motor Company - Standard SUV 4WD,17
General Motors,ACADIA AWD,General Motors - Standard SUV 4WD,19
General Motors,K1500 YUKON 4WD,General Motors - Standard SUV 4WD,18
General Motors,K1500 YUKON 4WD,General Motors - Standard SUV 4WD,18
General Motors,K1500 YUKON 4WD,General Motors - Standard SUV 4WD,17
General Motors,K1500 YUKON XL 4WD,General Motors - Standard SUV 4WD,18
General Motors,K1500 YUKON XL 4WD,General Motors - Standard SUV 4WD,18
General Motors,K1500 YUKON XL 4WD,General Motors - Standard SUV 4WD,16
Nissan,QX60 Hybrid AWD,Nissan - Standard SUV 4WD,26
Nissan,QX80 4WD,Nissan - Standard SUV 4WD,15
FCA US LLC,Grand Cherokee 4X4,FCA US LLC - Standard SUV 4WD,24
FCA US LLC,Grand Cherokee 4X4,FCA US LLC - Standard SUV 4WD,21
FCA US LLC,Grand Cherokee 4X4,FCA US LLC - Standard SUV 4WD,17
FCA US LLC,Grand Cherokee SRT8 4x4,FCA US LLC - Standard SUV 4WD,15
Jaguar Land Rover L,LR4,Jaguar Land Rover L - Standard SUV 4WD,16
Jaguar Land Rover L,Range Rover,Jaguar Land Rover L - Standard SUV 4WD,19
Jaguar Land Rover L,Range Rover,Jaguar Land Rover L - Standard SUV 4WD,16
Jaguar Land Rover L,Range Rover LWB,Jaguar Land Rover L - Standard SUV 4WD,19
Jaguar Land Rover L,Range Rover LWB,Jaguar Land Rover L - Standard SUV 4WD,16
Jaguar Land Rover L,Range Rover Sport,Jaguar Land Rover L - Standard SUV 4WD,19
Jaguar Land Rover L,Range Rover Sport,Jaguar Land Rover L - Standard SUV 4WD,16
Jaguar Land Rover L,Range Rover Sport TDV6,Jaguar Land Rover L - Standard SUV 4WD,25
Jaguar Land Rover L,Range Rover TDV6,Jaguar Land Rover L - Standard SUV 4WD,25
Toyota,GX 460,Toyota - Standard SUV 4WD,17
Toyota,LX 570,Toyota - Standard SUV 4WD,15
Toyota,RX 450h AWD,Toyota - Standard SUV 4WD,30
Ford Motor Company,MKT AWD,Ford Motor Company - Standard SUV 4WD,17
Ford Motor Company,Navigator 4WD,Ford Motor Company - Standard SUV 4WD,17
Ford Motor Company,Navigator L 4WD,Ford Motor Company - Standard SUV 4WD,16
Mercedes-Benz,AMG G 63,Mercedes-Benz - Standard SUV 4WD,13
Mercedes-Benz,AMG G65,Mercedes-Benz - Standard SUV 4WD,12
Mercedes-Benz,AMG GL 63,Mercedes-Benz - Standard SUV 4WD,14
Mercedes-Benz,AMG GLE 63,Mercedes-Benz - Standard SUV 4WD,15
Mercedes-Benz,AMG GLE 63 S,Mercedes-Benz - Standard SUV 4WD,15
Mercedes-Benz,AMG GLE 63 S (coupe),Mercedes-Benz - Standard SUV 4WD,15
Mercedes-Benz,G 550,Mercedes-Benz - Standard SUV 4WD,13
Mercedes-Benz,GL 350 BLUETEC 4MATIC,Mercedes-Benz - Standard SUV 4WD,22
Mercedes-Benz,GL 450 4MATIC,Mercedes-Benz - Standard SUV 4WD,19
Mercedes-Benz,GL 550 4MATIC,Mercedes-Benz - Standard SUV 4WD,15
Mercedes-Benz,GLE 300 d 4MATIC,Mercedes-Benz - Standard SUV 4WD,24
Mercedes-Benz,GLE 350 4MATIC,Mercedes-Benz - Standard SUV 4WD,19
Mercedes-Benz,GLE 350 4MATIC,Mercedes-Benz - Standard SUV 4WD,19
Mercedes-Benz,GLE 350 d 4MATIC,Mercedes-Benz - Standard SUV 4WD,26
Mercedes-Benz,GLE 400 4MATIC,Mercedes-Benz - Standard SUV 4WD,20
Mercedes-Benz,GLE 450 AMG (coupe),Mercedes-Benz - Standard SUV 4WD,20
Porsche,Cayenne,Porsche - Standard SUV 4WD,21
Porsche,Cayenne Diesel,Porsche - Standard SUV 4WD,23
Porsche,Cayenne GTS,Porsche - Standard SUV 4WD,19
Porsche,Cayenne S,Porsche - Standard SUV 4WD,20
Porsche,Cayenne Turbo,Porsche - Standard SUV 4WD,17
Porsche,Cayenne Turbo S,Porsche - Standard SUV 4WD,17
Toyota,4RUNNER 4WD,Toyota - Standard SUV 4WD,18
Toyota,4RUNNER 4WD,Toyota - Standard SUV 4WD,18
Toyota,HIGHLANDER AWD,Toyota - Standard SUV 4WD,20
Toyota,HIGHLANDER HYBRID AWD,Toyota - Standard SUV 4WD,28
Toyota,HIGHLANDER HYBRID AWD LE Plus,Toyota - Standard SUV 4WD,28
Toyota,LAND CRUISER WAGON 4WD,Toyota - Standard SUV 4WD,15
Toyota,SEQUOIA 4WD,Toyota - Standard SUV 4WD,14
Toyota,SEQUOIA 4WD FFV,Toyota - Standard SUV 4WD,14
Volkswagen Group of America,Touareg,Volkswagen Group of America - Standard SUV 4WD,24
Volkswagen Group of America,Touareg,Volkswagen Group of America - Standard SUV 4WD,19
Volvo,XC90 AWD,Volvo - Standard SUV 4WD,22
Volvo,XC90 AWD,Volvo - Standard SUV 4WD,23